"0","# Chargement du 'Be' et de l'actif correspondant a la situation centrale"
"0","central       <- get(load(paste(racine@address$save_folder$central, ""best_estimate.RData"", sep = ""/"")))"
"0",""
"0","# Calcul BE pour chaque situation"
"0","#-----------------------------------"
"0","# si on veut enregistrer les resultats en base, l'objet Be doit avoir un argument base initialise"
"0","central@base <- new(""DataBase"", file_adress = paste(racine@root_address,"
"0","                                                    ""internal_ws/data/database"", sep = ""/""),"
"0","                    ecriture_base = T, choc_name = ""central"")"
"0","central@base@ecriture_base <- F"
"0",""
"0","# Affiche l'heure de demarrage de la simulation"
"0","start_time <- Sys.time()"
"0",""
"0","# Calcul du BE avec 4 coeurs"
"0","BE_central_result <- run_be(x = central, pre_on = F, parallel = T, nb_coeur = 4L)"
