{"chunk_definitions":[{"row":20,"row_count":1,"visible":true,"expansion_state":0,"options":{"engine":"r","echo":false,"message":false,"warning":false,"label":"unnamed-chunk-1"},"document_id":"A9795D79","chunk_id":"cvndue4uzlika","chunk_label":"unnamed-chunk-1"},{"row":37,"row_count":1,"visible":true,"expansion_state":0,"options":{"engine":"r","echo":true,"message":false,"warning":false,"label":"unnamed-chunk-2"},"document_id":"A9795D79","chunk_id":"clex8mggcmb7w","chunk_label":"unnamed-chunk-2"},{"row":59,"row_count":1,"visible":true,"expansion_state":0,"options":{"engine":"r","echo":true,"message":false,"warning":false,"label":"unnamed-chunk-3"},"document_id":"A9795D79","chunk_id":"cjiy6z8cnq027","chunk_label":"unnamed-chunk-3"},{"row":67,"row_count":1,"visible":true,"expansion_state":0,"options":{"engine":"r","echo":false,"message":true,"warning":false,"label":"unnamed-chunk-4"},"document_id":"A9795D79","chunk_id":"c6cnbl06m1gc7","chunk_label":"unnamed-chunk-4"},{"row":74,"row_count":1,"visible":true,"expansion_state":0,"options":{"engine":"r","echo":false,"message":true,"warning":false,"label":"unnamed-chunk-5"},"document_id":"A9795D79","chunk_id":"c43vrpo1loqo7","chunk_label":"unnamed-chunk-5"},{"row":86,"row_count":1,"visible":true,"expansion_state":0,"options":{"engine":"r","echo":false,"message":true,"warning":false,"label":"unnamed-chunk-6"},"document_id":"A9795D79","chunk_id":"c8sw8y4xu6vkh","chunk_label":"unnamed-chunk-6"},{"row":105,"row_count":1,"visible":true,"expansion_state":0,"options":{"engine":"r","echo":false,"message":false,"warning":false,"label":"unnamed-chunk-11"},"document_id":"A9795D79","chunk_id":"cx8mxq3zavvv7","chunk_label":"unnamed-chunk-7"},{"row":261,"row_count":1,"visible":true,"expansion_state":0,"options":{"engine":"r","echo":true,"message":false,"warning":false,"label":"unnamed-chunk-10"},"document_id":"A9795D79","chunk_id":"c9ujpfgh34jfg","chunk_label":"unnamed-chunk-9"}],"doc_write_time":1679922212}