num_mp;val_marche;val_nc;val_achat;presence;cessible;nb_unit;dur_det;nominal;tx_coupon;par;mat_res;type;rating;duration;zspread;cc;sd;currency;fx_rate
1;182814,3781;182680,3135;182680,3135;TRUE;TRUE;1474,691842;10;100;0;1;1;corp;3;5;0,01;0;0;EUR;1
2;722580,357;517897,8892;517897,8892;TRUE;TRUE;4826,867599;10;100;0;1;1;souv;1;5;0,01;0;0;EUR;1
3;239805,7965;231663,0664;231663,0664;TRUE;TRUE;1964,519371;10;100;0;1;2;corp;3;5;0,01;0;0;EUR;1
4;228287,0183;230102,1586;230102,1586;TRUE;TRUE;1948,910293;10;100;0;1;3;corp;3;5;0,01;0;0;USD;0,9
