"0","# Load the objets 'Be' related to the shocks of the central formula"
"0","action_type_1 <- get(load(paste(racine@address$save_folder$action_type1, ""best_estimate.RData"", sep = ""/"")))"
"0","action_type_2 <- get(load(paste(racine@address$save_folder$action_type2, ""best_estimate.RData"", sep = ""/"")))"
"0","immo          <- get(load(paste(racine@address$save_folder$immo, ""best_estimate.RData"", sep = ""/"")))"
"0","spread        <- get(load(paste(racine@address$save_folder$spread, ""best_estimate.RData"", sep = ""/"")))"
"0","taux_up       <- get(load(paste(racine@address$save_folder$taux_up, ""best_estimate.RData"", sep = ""/"")))"
"0","taux_down     <- get(load(paste(racine@address$save_folder$taux_down, ""best_estimate.RData"", sep = ""/"")))"
"0","frais         <- get(load(paste(racine@address$save_folder$frais, ""best_estimate.RData"", sep = ""/"")))"
"0","mortalite     <- get(load(paste(racine@address$save_folder$mortalite, ""best_estimate.RData"", sep = ""/"")))"
"0","longevite     <- get(load(paste(racine@address$save_folder$longevite, ""best_estimate.RData"", sep = ""/"")))"
"0","rachat_up     <- get(load(paste(racine@address$save_folder$rachat_up, ""best_estimate.RData"", sep = ""/"")))"
"0","rachat_down   <- get(load(paste(racine@address$save_folder$rachat_down, ""best_estimate.RData"", sep = ""/"")))"
