"0",""
"0","# Get all the shocked best estimate"
"0","BE_central       <- BE_central_result$be@tab_be$be[1, 1]"
"0","BE_action_type_1 <- BE_action_type_1_result$be@tab_be$be[1, 1]"
"0","BE_action_type_2 <- BE_action_type_2_result$be@tab_be$be[1, 1]"
"0","BE_immo          <- BE_immo_result$be@tab_be$be[1, 1]"
"0","BE_spread        <- BE_spread_result$be@tab_be$be[1, 1]"
"0","BE_taux_up       <- BE_taux_up_result$be@tab_be$be[1, 1]"
"0","BE_taux_down     <- BE_taux_down_result$be@tab_be$be[1, 1]"
"0","BE_frais         <- BE_frais_result$be@tab_be$be[1, 1]"
"0","BE_mortalite     <- BE_mortalite_result$be@tab_be$be[1, 1]"
"0","BE_longevite     <- BE_longevite_result$be@tab_be$be[1, 1]"
"0","BE_rachat_up     <- BE_rachat_up_result$be@tab_be$be[1, 1]"
"0","BE_rachat_down   <- BE_rachat_down_result$be@tab_be$be[1, 1]"
"0",""
"0",""
"0","# Get all the shocked assets"
"0","ACTIF_central       <- print_alloc(central@canton@ptf_fin)[5,1]"
"0","ACTIF_action_type_1 <- print_alloc(action_type_1@canton@ptf_fin)[5,1]"
"0","ACTIF_action_type_2 <- print_alloc(action_type_2@canton@ptf_fin)[5,1]"
"0","ACTIF_immo          <- print_alloc(immo@canton@ptf_fin)[5,1]"
"0","ACTIF_spread        <- print_alloc(spread@canton@ptf_fin)[5,1]"
"0","ACTIF_taux_up       <- print_alloc(taux_up@canton@ptf_fin)[5,1]"
"0","ACTIF_taux_down     <- print_alloc(taux_down@canton@ptf_fin)[5,1]"
"0",""
"0",""
"0","# Compute the SCRs for market risk"
"0","SCR_action_type_1 <- max(0, (ACTIF_central - BE_central) - (ACTIF_action_type_1 - BE_action_type_1))"
"0","SCR_action_type_2 <- max(0, (ACTIF_central - BE_central) - (ACTIF_action_type_2 - BE_action_type_2))"
"0","SCR_immo          <- max(0, (ACTIF_central - BE_central) - (ACTIF_immo - BE_immo))"
"0","SCR_spread        <- max(0, (ACTIF_central - BE_central) - (ACTIF_spread - BE_spread))"
"0","SCR_taux_up       <- max(0, (ACTIF_central - BE_central) - (ACTIF_taux_up - BE_taux_up))"
"0","SCR_taux_down     <- max(0, (ACTIF_central - BE_central) - (ACTIF_taux_down - BE_taux_down))"
"0","SCR_taux          <- max(SCR_taux_up, SCR_taux_down)"
"0",""
"0",""
"0","# Compute the SCRs for life underwriting risk"
"0","SCR_mortalite    <- max(0, (ACTIF_central - BE_central) - (ACTIF_central - BE_mortalite))"
"0","SCR_longevite    <- max(0, (ACTIF_central - BE_central) - (ACTIF_central - BE_longevite))"
"0","SCR_rachat_up    <- max(0, (ACTIF_central - BE_central) - (ACTIF_central - BE_rachat_up))"
"0","SCR_rachat_down  <- max(0, (ACTIF_central - BE_central) - (ACTIF_central - BE_rachat_down))"
"0","SCR_rachat       <- max(SCR_rachat_up, SCR_rachat_down)"
"0","SCR_frais        <- max(0, (ACTIF_central - BE_central) - (ACTIF_central - BE_frais))"
"0",""
"0","#---Aggregate the SCR Equity  ---"
"0","corrActionType1 <- c(1, 0.75) "
"0","corrActionType2 <- c(0.75 , 1)"
"0","MatCorrAction   <- matrix(c(corrActionType1, corrActionType2), nrow = 2, dimnames = list(c(""ActionType1"", ""ActionType2"")))"
"0",""
"0","#--- Correlation matrix - Market risks  ---"
"0","corrTaux      <- c(1, 0.5, 0.5, 0.5, 0.25) "
"0","corrActions   <- c(0.5, 1, 0.75, 0.75, 0.25)"
"0","corrImmo      <- c(0.5, 0.75, 1, 0.5, 0.25)"
"0","corrSpread    <- c(0.5, 0.75, 0.5, 1, 0.25)"
"0","corrChange    <- c(0.25, 0.25, 0.25, 0.25, 1)"
"0","MatCorrMarche <- matrix(c(corrTaux, corrActions, corrImmo, corrSpread, corrChange),"
"0","                        nrow = 5, dimnames = list(c(""Taux"", ""Actions"", ""Immo"", ""Spread"", ""Change""), "
"0","                                                  c(""Taux"", ""Actions"", ""Immo"", ""Spread"", ""Change"")))"
"0",""
"0","#--- Correlation matrix - Life risks ---"
"0","corrMort   <- c(1, -0.25, 0, 0.25)"
"0","corrLong   <- c(-0.25, 1, 0.25, 0.25)"
"0","corrRachat <- c(0, 0.25, 1, 0.5)"
"0","corrFrais  <- c(0.25, 0.25, 0.5, 1)"
"0","MatCorrVie <- matrix(c(corrMort, corrLong, corrRachat, corrFrais),"
"0","                     nrow = 4, dimnames = list(c(""Mort"", ""Long"", ""Rachat"",""Frais""),"
"0","                                               c(""Mort"", ""Long"", ""Rachat"",""Frais"")))"
"0",""
"0","#--- COrrelation matrix- BSCR  ---"
"0","corrMarche  <- c(1, 0.25)"
"0","corrVie     <- c(0.25, 1)"
"0","MatCorrBSCR <- matrix(c(corrMarche, corrVie), nrow = 2, dimnames = list(c(""Marche"", ""VIE""),c(""Marche"", ""VIE"")))"
"0",""
"0","# SCR Equity"
"0","vectSCRAction   <- t(rbind(SCR_action_type_1, SCR_action_type_2))"
"0","aggregerAction  <- function(ligne){sqrt(t(vectSCRAction[ligne, ]) %*% MatCorrAction %*% vectSCRAction[ligne, ])}"
"0","SCR_action      <- as.numeric(aggregerAction(1))"
"0",""
"0","# Compute SCR Market"
"0","vectSCRMarche   <- t(rbind(SCR_taux, SCR_action, SCR_immo, SCR_spread, SCR_change = 0))"
"0","aggregerMarche  <- function(ligne){sqrt(t(vectSCRMarche[ligne, ]) %*% MatCorrMarche %*% vectSCRMarche[ligne, ])}"
"0","SCRMarche       <- as.numeric(aggregerMarche(1))"
"0",""
"0","# Compute SCR Life"
"0","vectSCRVie  <- cbind(SCR_mortalite, SCR_longevite, SCR_rachat, SCR_frais)"
"0","aggregerVie	<- function(ligne){sqrt(t(vectSCRVie[ligne, ]) %*% MatCorrVie %*% vectSCRVie[ligne, ])}"
"0","SCRVie      <- as.numeric(aggregerVie(1))"
"0",""
"0","# Compute the BSCR"
"0","vectBSCR		  <- cbind(SCRMarche, SCRVie)"
"0","aggregerBSCR <- function(ligne){sqrt(t(vectBSCR[ligne, ]) %*% MatCorrBSCR %*% vectBSCR[ligne, ])}"
"0","BSCR         <- as.numeric(aggregerBSCR(1))"
"0",""
"0","prin(BSCR)"
"2","Error in prin(BSCR) : could not find function ""prin""
"
