{"chunk_definitions":[{"row":20,"row_count":1,"visible":true,"expansion_state":0,"options":{"engine":"r","echo":false,"message":false,"warning":false,"label":"unnamed-chunk-1"},"document_id":"A9795D79","chunk_id":"cvndue4uzlika","chunk_label":"unnamed-chunk-1"},{"row":37,"row_count":1,"visible":true,"expansion_state":0,"options":{"engine":"r","echo":true,"message":false,"warning":false,"label":"unnamed-chunk-2"},"document_id":"A9795D79","chunk_id":"clex8mggcmb7w","chunk_label":"unnamed-chunk-2"},{"row":248,"row_count":1,"visible":true,"expansion_state":0,"options":{"engine":"r","echo":true,"message":false,"warning":false,"label":"unnamed-chunk-24"},"document_id":"37A8325E","chunk_id":"c7kr4z10zyp9k","chunk_label":"unnamed-chunk-4"},{"row":578,"row_count":1,"visible":true,"expansion_state":0,"options":{"engine":"r","echo":true,"message":false,"warning":false,"label":"unnamed-chunk-28"},"document_id":"37A8325E","chunk_id":"clqqppsjnuaj9","chunk_label":"unnamed-chunk-7"},{"row":586,"row_count":1,"visible":true,"expansion_state":0,"options":{"engine":"r","echo":false,"message":true,"warning":false,"label":"unnamed-chunk-32"},"document_id":"37A8325E","chunk_id":"cgnwlf0tbufd4","chunk_label":"unnamed-chunk-8"},{"row":605,"row_count":1,"visible":true,"expansion_state":0,"options":{"engine":"r","echo":false,"message":true,"warning":false,"label":"unnamed-chunk-26"},"document_id":"37A8325E","chunk_id":"ckh93se6cna2c","chunk_label":"unnamed-chunk-10"}],"doc_write_time":1679928164}