num_mp;num_canton;num_prod;age;gen;num_tab_mort;pm;nb_contr;statut_rvs;age_rvs;gen_rvs;num_tab_mort_rvs;tx_rvs;tx_tech;tx_cible;freq_rente;rente;rente_gar;ch_arr;echu;tx_cible_prec;diff
1;1;1;82;1900;TM2;2193,43;1;1;10;1900;TM2;0;0,045;Meth1;1;265,47;265,47;0,03;FALSE;0;0
2;1;1;79;1900;TM1;6172,37;1;3;74;1900;TM2;0,5;0,025;Meth1;1;435,3;435,3;0,03;FALSE;0;0
3;1;1;82;1900;TM1;18996,16;1;3;82;1900;TM1;1;0,025;Meth1;1;2033,15;2033,15;0,03;FALSE;0;0
4;1;1;82;1900;TM1;18996,16;1;3;82;1900;TM1;1;0,025;Meth1;1;2033,15;2033,15;0,03;FALSE;0;0
5;1;1;82;1900;TM1;18996,16;1;3;82;1900;TM2;1;0,025;Meth1;1;2033,15;2033,15;0,03;FALSE;0;0
6;1;1;82;1900;TM1;18996,16;1;3;82;1900;TM2;1;0,025;Meth1;1;2033,15;2033,15;0,03;FALSE;0;0
